dataset,unit_id,latest_cycle,min_predicted_rul,latest_predicted_rul,mean_abs_error,dominant_alert_level
FD002,FD002_134,186,12.154077,12.154077,10.91316032409668,HEALTHY
FD002,FD002_138,200,12.440633,12.440633,7.351716995239258,HEALTHY
FD002,FD002_116,170,12.557037,12.711488,8.782368659973145,HEALTHY
FD002,FD002_7,184,12.890677,12.890677,13.929817199707031,HEALTHY
FD004,FD004_206,290,12.9459095,105.99956,30.946035385131836,HEALTHY
FD002,FD002_91,278,13.205886,13.595778,24.967601776123047,HEALTHY
FD002,FD002_159,186,13.380196,13.380196,8.096652030944824,HEALTHY
FD002,FD002_103,186,13.766091,13.766091,5.877376079559326,HEALTHY
FD004,FD004_173,150,13.874665,13.874665,15.802501678466797,HEALTHY
FD002,FD002_186,166,13.946865,13.946865,11.794214248657227,HEALTHY
FD002,FD002_210,182,13.96608,13.96608,7.6551361083984375,HEALTHY
FD002,FD002_227,180,14.079709,14.193009,10.461941719055176,HEALTHY
FD002,FD002_102,122,14.299531,14.299531,31.045358657836914,HEALTHY
FD002,FD002_14,160,14.310327,14.310327,11.452821731567383,HEALTHY
FD001,FD001_34,202,14.349431,14.349431,8.392300605773926,HEALTHY
FD004,FD004_58,184,14.442813,14.442813,10.61510181427002,HEALTHY
FD004,FD004_180,366,14.483649,29.400572,28.904325485229492,HEALTHY
FD002,FD002_177,190,14.647216,14.647216,8.282820701599121,HEALTHY
FD002,FD002_80,278,14.697995,15.121136,16.441600799560547,HEALTHY
FD001,FD001_76,204,14.711845,14.711845,7.538423538208008,HEALTHY
FD002,FD002_185,254,14.739398,14.739398,10.30601692199707,HEALTHY
FD003,FD003_82,194,15.015866,15.015866,13.869402885437012,HEALTHY
FD002,FD002_211,154,15.110254,17.035454,15.787962913513184,HEALTHY
FD002,FD002_65,366,15.120018,15.709658,14.537501335144043,HEALTHY
FD001,FD001_41,122,15.231829,15.231829,33.62249755859375,HEALTHY
FD004,FD004_202,222,15.266377,15.266377,11.252433776855469,HEALTHY
FD003,FD003_46,180,15.365507,15.365507,18.631994247436523,HEALTHY
FD002,FD002_50,164,15.466798,15.466798,12.307327270507812,HEALTHY
FD004,FD004_116,160,15.540901,15.540901,11.148261070251465,HEALTHY
FD004,FD004_198,114,15.541524,15.541524,35.12926483154297,HEALTHY
FD003,FD003_26,130,15.555601,15.555601,26.178804397583008,HEALTHY
FD004,FD004_31,134,15.556828,15.556828,29.29548454284668,HEALTHY
FD002,FD002_44,164,15.575196,15.575196,13.954676628112793,HEALTHY
FD001,FD001_68,186,15.582897,15.582897,7.144740581512451,HEALTHY
FD002,FD002_11,162,15.663091,15.663091,18.058286666870117,HEALTHY
FD002,FD002_208,166,15.701353,15.761469,13.555535316467285,HEALTHY
FD002,FD002_173,116,16.003817,16.003817,30.024580001831055,HEALTHY
FD004,FD004_12,270,16.006418,16.006418,8.503334045410156,HEALTHY
FD002,FD002_99,162,16.02133,16.02133,11.757220268249512,HEALTHY
FD004,FD004_237,220,16.036503,16.036503,14.921122550964355,HEALTHY
FD004,FD004_174,134,16.037472,16.10301,28.246694564819336,HEALTHY
FD002,FD002_225,166,16.16257,16.16257,6.672970771789551,HEALTHY
FD001,FD001_31,196,16.298208,16.298208,8.151453971862793,HEALTHY
FD004,FD004_184,154,16.301296,16.301296,13.566890716552734,HEALTHY
FD002,FD002_245,264,16.3679,16.3679,12.712467193603516,HEALTHY
FD004,FD004_100,196,16.472038,16.472038,15.872705459594727,HEALTHY
FD002,FD002_111,130,16.504932,16.504932,32.83863067626953,HEALTHY
FD004,FD004_183,124,16.556059,16.556059,23.62935447692871,HEALTHY
FD004,FD004_158,170,16.60797,16.60797,7.077542781829834,HEALTHY
FD001,FD001_82,162,16.80244,16.80244,14.381458282470703,HEALTHY
FD002,FD002_146,144,16.82885,16.82885,20.160974502563477,HEALTHY
FD002,FD002_182,134,16.890373,16.890373,24.678987503051758,HEALTHY
FD003,FD003_99,288,16.891304,16.891304,6.6931586265563965,HEALTHY
FD001,FD001_42,156,16.893562,16.893562,16.561201095581055,HEALTHY
FD002,FD002_231,186,16.946789,16.946789,7.88077449798584,HEALTHY
FD002,FD002_190,158,17.20471,17.20471,6.941298961639404,HEALTHY
FD002,FD002_242,194,17.224047,17.224047,11.74718952178955,HEALTHY
FD004,FD004_38,124,17.238573,17.238573,28.082895278930664,HEALTHY
FD001,FD001_81,212,17.331186,17.331186,6.964774131774902,HEALTHY
FD004,FD004_103,144,17.382402,17.382402,25.113523483276367,HEALTHY
FD004,FD004_65,186,17.432224,17.432224,16.850770950317383,HEALTHY
FD001,FD001_100,198,17.518442,17.518442,6.713357925415039,HEALTHY
FD003,FD003_94,332,17.576319,17.576319,6.390281677246094,HEALTHY
FD003,FD003_39,310,17.892431,17.892431,4.855995178222656,HEALTHY
FD004,FD004_118,178,17.89623,17.89623,18.744157791137695,HEALTHY
FD001,FD001_35,198,18.041407,18.041407,7.898549556732178,HEALTHY
FD003,FD003_50,146,18.089447,18.089447,13.26357650756836,HEALTHY
FD004,FD004_179,262,18.153433,19.959305,8.281808853149414,HEALTHY
FD004,FD004_224,152,18.239435,18.353502,12.02927303314209,HEALTHY
FD002,FD002_124,148,18.304703,18.304703,17.962526321411133,HEALTHY
FD002,FD002_148,156,18.433582,18.433582,12.509500503540039,HEALTHY
FD002,FD002_164,198,18.435143,18.756405,10.784513473510742,HEALTHY
FD002,FD002_252,248,18.613577,18.613577,13.305063247680664,HEALTHY
FD004,FD004_69,162,18.648542,18.648542,12.126422882080078,HEALTHY
FD004,FD004_8,248,18.749502,19.12532,10.160687446594238,HEALTHY
FD004,FD004_22,158,18.809486,18.809486,14.677735328674316,HEALTHY
FD003,FD003_98,182,18.829416,18.829416,7.888813018798828,HEALTHY
FD002,FD002_90,162,18.906395,18.906395,11.62813663482666,HEALTHY
FD004,FD004_238,176,18.984568,19.23137,9.044657707214355,HEALTHY
FD003,FD003_92,266,19.168917,19.168917,6.171716213226318,HEALTHY
FD003,FD003_24,474,19.374426,20.206417,6.6206955909729,HEALTHY
FD002,FD002_22,158,19.468163,20.194042,14.71008586883545,HEALTHY
FD004,FD004_155,160,19.571754,19.571754,13.975282669067383,HEALTHY
FD004,FD004_135,434,19.667156,19.667156,8.0164155960083,HEALTHY
FD002,FD002_9,160,19.698679,19.698679,12.754878044128418,HEALTHY
FD004,FD004_113,132,19.795504,19.795504,25.572887420654297,HEALTHY
FD002,FD002_236,274,19.862215,19.862215,7.522764205932617,HEALTHY
FD002,FD002_32,170,19.972622,19.972622,11.34787368774414,HEALTHY
FD002,FD002_1,258,20.305258,20.305258,12.222452163696289,HEALTHY
FD002,FD002_48,132,20.318058,20.318058,25.231937408447266,HEALTHY
FD002,FD002_64,232,20.466383,20.466383,13.312029838562012,HEALTHY
FD001,FD001_56,136,20.480808,20.480808,14.684558868408203,HEALTHY
FD004,FD004_216,264,20.579304,20.579304,9.661628723144531,HEALTHY
FD004,FD004_101,166,20.612682,20.612682,10.911069869995117,HEALTHY
FD002,FD002_5,148,20.80942,20.80942,16.428651809692383,HEALTHY
FD004,FD004_82,146,21.080568,21.080568,17.779014587402344,HEALTHY
FD001,FD001_24,186,21.107807,21.107807,5.412001132965088,HEALTHY
FD004,FD004_181,198,21.16939,21.16939,20.15113067626953,HEALTHY
FD002,FD002_45,194,21.269361,21.269361,7.2217230796813965,HEALTHY
FD002,FD002_192,160,21.429018,21.429018,9.135941505432129,HEALTHY
FD003,FD003_21,262,21.4824,21.4824,7.434109687805176,HEALTHY
FD003,FD003_81,154,21.54863,21.54863,24.13680076599121,HEALTHY
FD004,FD004_40,266,21.607841,21.607841,7.561034679412842,HEALTHY
FD001,FD001_20,184,21.622435,21.622435,8.457636833190918,HEALTHY
FD001,FD001_36,126,21.627821,21.627821,20.348506927490234,HEALTHY
FD002,FD002_250,234,21.729916,21.729916,22.277196884155273,HEALTHY
FD002,FD002_70,264,21.819803,21.819803,12.39293098449707,HEALTHY
FD002,FD002_161,174,21.8953,21.8953,10.788548469543457,HEALTHY
FD004,FD004_213,288,22.139832,26.33689,6.838103294372559,HEALTHY
FD004,FD004_209,170,22.395462,22.395462,10.140830039978027,HEALTHY
FD004,FD004_102,442,22.64905,22.64905,10.146514892578125,HEALTHY
FD004,FD004_177,146,22.72652,22.72652,24.334449768066406,HEALTHY
FD001,FD001_49,302,22.968996,22.968996,10.92053508758545,HEALTHY
FD003,FD003_79,170,23.14643,23.14643,6.826287269592285,HEALTHY
FD004,FD004_194,214,23.256575,23.256575,12.785808563232422,HEALTHY
FD003,FD003_86,174,23.42524,23.42524,8.565361976623535,HEALTHY
FD002,FD002_84,204,23.724854,23.724854,11.72341251373291,HEALTHY
FD002,FD002_100,148,23.915314,23.915314,17.110124588012695,HEALTHY
FD002,FD002_19,172,23.91911,23.91911,4.8636932373046875,HEALTHY
FD001,FD001_66,146,24.144064,24.863686,12.567049026489258,HEALTHY
FD003,FD003_100,246,24.651188,24.651188,6.317754745483398,HEALTHY
FD001,FD001_90,146,24.809853,24.809853,9.589247703552246,HEALTHY
FD002,FD002_158,170,25.329586,25.329586,6.465407848358154,HEALTHY
FD004,FD004_15,168,25.338825,25.338825,16.656097412109375,HEALTHY
FD004,FD004_126,220,25.450047,25.450047,7.606138706207275,HEALTHY
FD002,FD002_97,212,25.690126,28.698187,21.19073486328125,HEALTHY
FD004,FD004_32,260,25.876324,25.876324,13.701704025268555,HEALTHY
FD003,FD003_38,132,25.97672,30.126705,20.429847717285156,HEALTHY
FD002,FD002_58,246,26.09661,26.09661,19.349092483520508,HEALTHY
FD002,FD002_120,160,26.101187,26.101187,16.78824234008789,HEALTHY
FD004,FD004_114,218,26.120287,26.984144,12.49671459197998,HEALTHY
FD002,FD002_176,200,26.159477,26.159477,8.789691925048828,HEALTHY
FD002,FD002_40,182,26.435356,37.60774,15.324719429016113,HEALTHY
FD001,FD001_52,188,26.660591,29.702225,8.14622688293457,HEALTHY
FD001,FD001_61,158,26.724447,26.724447,9.871967315673828,HEALTHY
FD003,FD003_76,180,26.814692,26.814692,11.374524116516113,HEALTHY
FD002,FD002_87,130,26.92964,26.92964,24.764339447021484,HEALTHY
FD003,FD003_78,278,26.975441,31.268291,6.740586757659912,HEALTHY
FD004,FD004_151,284,27.27038,27.32994,12.83769416809082,HEALTHY
FD004,FD004_42,200,27.568317,27.568317,15.116984367370605,HEALTHY
FD004,FD004_71,292,27.753551,27.753551,9.088479042053223,HEALTHY
FD004,FD004_248,280,27.897429,31.825274,7.157847881317139,HEALTHY
FD002,FD002_43,184,28.391424,28.391424,6.721028804779053,HEALTHY
FD001,FD001_53,164,28.905771,34.00102,8.878985404968262,HEALTHY
FD001,FD001_18,132,29.18661,29.18661,23.05959701538086,HEALTHY
FD004,FD004_172,132,29.193916,29.88609,23.372623443603516,HEALTHY
FD004,FD004_111,342,29.297735,29.297735,5.333953380584717,HEALTHY
FD004,FD004_35,278,29.319736,29.319736,12.396716117858887,HEALTHY
FD002,FD002_193,244,30.077532,32.302555,19.809890747070312,HEALTHY
FD003,FD003_14,168,30.200466,30.200466,8.31840991973877,HEALTHY
FD004,FD004_121,194,30.616129,30.616129,13.474894523620605,HEALTHY
FD004,FD004_1,230,30.812077,30.812077,9.207188606262207,HEALTHY
FD002,FD002_62,204,31.120548,31.120548,11.44440746307373,HEALTHY
FD004,FD004_23,162,31.406794,32.48493,9.63163948059082,HEALTHY
FD004,FD004_159,160,31.647638,31.647638,8.88793659210205,HEALTHY
FD004,FD004_235,362,31.651047,34.97026,8.184922218322754,HEALTHY
FD001,FD001_92,150,31.991892,32.053833,11.27026653289795,HEALTHY
FD004,FD004_123,236,32.365566,32.365566,9.639896392822266,HEALTHY
FD002,FD002_171,242,32.602818,32.602818,18.106674194335938,HEALTHY
FD004,FD004_47,224,33.044895,33.044895,11.838501930236816,HEALTHY
FD001,FD001_40,132,33.054955,33.054955,12.787283897399902,HEALTHY
FD001,FD001_37,120,33.199707,33.199707,29.36486053466797,HEALTHY
FD002,FD002_96,140,33.275806,33.275806,8.88978385925293,HEALTHY
FD002,FD002_150,196,33.873558,33.873558,10.308866500854492,HEALTHY
FD002,FD002_13,164,34.15973,34.15973,9.17102336883545,HEALTHY
FD003,FD003_3,234,34.94759,37.599907,8.276638984680176,HEALTHY
FD004,FD004_49,272,35.007553,40.597767,6.663945198059082,HEALTHY
FD001,FD001_91,234,35.35883,36.605522,18.75094985961914,HEALTHY
FD003,FD003_64,270,35.494762,35.494762,5.1142473220825195,HEALTHY
FD003,FD003_71,366,35.67065,36.703976,7.697200775146484,HEALTHY
FD004,FD004_61,396,35.800144,38.149044,16.089794158935547,HEALTHY
FD004,FD004_73,148,36.160774,36.160774,12.438032150268555,HEALTHY
FD002,FD002_209,130,36.242455,36.242455,28.15363311767578,HEALTHY
FD004,FD004_244,184,36.270447,38.045296,8.020759582519531,HEALTHY
FD004,FD004_231,230,36.631046,36.631046,7.960415363311768,HEALTHY
FD004,FD004_240,204,37.08396,37.08396,16.909435272216797,HEALTHY
FD002,FD002_76,222,37.18999,38.654694,10.12470817565918,HEALTHY
FD004,FD004_25,486,37.898705,42.53774,8.23105525970459,HEALTHY
FD002,FD002_109,144,38.019047,38.019047,10.36522102355957,HEALTHY
FD004,FD004_197,196,38.026676,38.026676,9.312621116638184,HEALTHY
FD004,FD004_187,120,38.12836,38.12836,27.066099166870117,HEALTHY
FD004,FD004_154,122,38.611538,39.057983,16.508522033691406,HEALTHY
FD003,FD003_40,312,38.945217,39.60414,5.3029069900512695,HEALTHY
FD001,FD001_46,146,39.411804,46.58513,8.514062881469727,HEALTHY
FD002,FD002_52,164,40.324142,40.324142,14.687557220458984,HEALTHY
FD004,FD004_70,190,40.83072,45.681812,11.694408416748047,HEALTHY
FD001,FD001_17,164,40.842766,44.8657,7.848201751708984,HEALTHY
FD002,FD002_162,184,40.980167,50.89009,12.156137466430664,HEALTHY
FD002,FD002_42,136,41.308113,41.308113,14.206719398498535,HEALTHY
FD002,FD002_132,122,41.584984,41.584984,15.94519329071045,HEALTHY
FD004,FD004_185,202,41.78002,41.78002,9.17083740234375,HEALTHY
FD002,FD002_160,124,41.96182,43.72251,11.518596649169922,HEALTHY
FD002,FD002_133,186,41.9742,75.809166,9.373590469360352,HEALTHY
FD002,FD002_39,148,42.461864,54.660103,10.056283950805664,HEALTHY
FD004,FD004_62,240,42.7754,44.67945,7.711698532104492,HEALTHY
FD004,FD004_134,266,42.884468,42.884468,7.567348003387451,HEALTHY
FD002,FD002_179,156,42.88693,42.88693,13.155950546264648,HEALTHY
FD004,FD004_44,406,43.083374,43.083374,14.770748138427734,HEALTHY
FD002,FD002_253,138,43.141388,43.141388,8.74058723449707,HEALTHY
FD002,FD002_206,162,43.202415,46.62998,9.557538986206055,HEALTHY
FD001,FD001_64,168,43.344116,43.344116,8.791833877563477,HEALTHY
FD004,FD004_91,144,43.569454,43.569454,8.1234130859375,HEALTHY
FD004,FD004_219,110,43.626823,43.626823,17.768911361694336,HEALTHY
FD004,FD004_88,140,43.6771,47.647354,9.489202499389648,HEALTHY
FD002,FD002_68,218,43.703094,43.703094,19.109676361083984,HEALTHY
FD002,FD002_63,174,43.725044,48.0371,11.846158027648926,HEALTHY
FD004,FD004_150,202,43.937546,45.258194,17.163602828979492,HEALTHY
FD003,FD003_90,206,44.077343,52.05649,8.609431266784668,HEALTHY
FD002,FD002_41,210,44.15257,44.952923,13.425735473632812,HEALTHY
FD004,FD004_67,150,44.2366,47.946354,5.914208889007568,HEALTHY
FD001,FD001_77,162,44.328335,44.328335,11.296369552612305,HEALTHY
FD001,FD001_84,172,44.360264,88.095604,13.810643196105957,HEALTHY
FD002,FD002_254,130,44.516247,44.636227,10.204849243164062,HEALTHY
FD002,FD002_38,126,44.622578,54.85645,8.64278507232666,HEALTHY
FD003,FD003_48,178,44.905807,49.006992,13.855332374572754,HEALTHY
FD001,FD001_93,244,44.97893,44.97893,27.22068214416504,HEALTHY
FD002,FD002_142,162,45.215496,46.952324,10.770169258117676,HEALTHY
FD002,FD002_85,182,45.462948,48.08832,9.999727249145508,HEALTHY
FD001,FD001_58,176,45.506954,48.43927,6.372269153594971,HEALTHY
FD002,FD002_222,180,45.667297,45.667297,21.83222770690918,HEALTHY
FD001,FD001_62,232,45.70735,45.70735,7.754662036895752,HEALTHY
FD004,FD004_99,236,45.71957,45.71957,8.596536636352539,HEALTHY
FD003,FD003_58,118,45.72916,45.72916,21.783958435058594,HEALTHY
FD002,FD002_53,148,45.748577,63.934444,8.101444244384766,HEALTHY
FD002,FD002_140,306,46.005054,46.005054,12.183825492858887,HEALTHY
FD001,FD001_3,126,46.027817,47.844387,8.29821491241455,HEALTHY
FD001,FD001_32,144,46.582596,46.582596,7.169498920440674,HEALTHY
FD003,FD003_55,202,46.82136,63.11583,13.772350311279297,HEALTHY
FD003,FD003_59,148,46.905415,48.075066,8.083802223205566,HEALTHY
FD003,FD003_7,158,46.969254,46.969254,10.912083625793457,HEALTHY
FD004,FD004_217,140,47.075268,62.23143,11.720306396484375,HEALTHY
FD004,FD004_27,144,47.142544,86.724144,14.94051456451416,HEALTHY
FD003,FD003_9,238,47.539883,72.170944,10.911710739135742,HEALTHY
FD002,FD002_237,234,47.70069,47.70069,21.700515747070312,HEALTHY
FD002,FD002_8,172,47.988533,47.988533,20.18790054321289,HEALTHY
FD004,FD004_68,240,48.005157,48.005157,6.83970308303833,HEALTHY
FD003,FD003_20,206,48.053123,97.34033,9.33781623840332,HEALTHY
FD002,FD002_212,186,48.13124,95.885635,8.118043899536133,HEALTHY
FD004,FD004_234,178,48.15798,73.15638,18.867048263549805,HEALTHY
FD003,FD003_72,232,48.957233,49.801693,7.277731418609619,HEALTHY
FD002,FD002_107,132,49.028843,53.131023,8.066572189331055,HEALTHY
FD004,FD004_77,108,49.14536,49.14536,38.17464828491211,HEALTHY
FD003,FD003_25,168,49.28654,75.45352,10.580475807189941,HEALTHY
FD001,FD001_30,142,49.34592,94.378624,18.42793083190918,HEALTHY
FD001,FD001_63,154,49.558735,104.33517,12.87990951538086,HEALTHY
FD004,FD004_43,120,49.777206,80.009674,18.55324935913086,HEALTHY
FD003,FD003_44,146,50.903187,63.676746,10.312460899353027,HEALTHY
FD002,FD002_189,178,50.984398,50.984398,9.368631362915039,HEALTHY
FD002,FD002_24,210,51.08334,61.965355,8.589876174926758,HEALTHY
FD002,FD002_257,198,51.26019,56.252228,7.22980260848999,HEALTHY
FD002,FD002_78,128,51.42887,57.38084,9.539419174194336,HEALTHY
FD003,FD003_75,190,51.57227,51.57227,10.287298202514648,HEALTHY
FD004,FD004_64,250,51.81619,58.067257,9.813620567321777,HEALTHY
FD002,FD002_144,142,51.8995,54.78351,14.378124237060547,HEALTHY
FD004,FD004_110,348,52.336193,56.028797,7.419849395751953,HEALTHY
FD004,FD004_2,152,52.545116,57.218105,13.393155097961426,HEALTHY
FD002,FD002_30,184,53.32148,57.03137,13.869281768798828,HEALTHY
FD004,FD004_86,254,53.35431,56.743973,15.56318187713623,HEALTHY
FD001,FD001_21,148,53.45609,60.4119,7.5190534591674805,HEALTHY
FD001,FD001_38,124,53.533813,53.533813,9.196150779724121,HEALTHY
FD004,FD004_188,156,53.718212,101.87763,19.919048309326172,HEALTHY
FD002,FD002_127,126,53.82491,53.82491,9.391940116882324,HEALTHY
FD002,FD002_232,158,53.930294,80.022606,23.391630172729492,HEALTHY
FD002,FD002_248,162,54.08763,56.02045,9.082365036010742,HEALTHY
FD004,FD004_106,148,54.26476,73.45534,21.86844825744629,HEALTHY
FD002,FD002_198,120,54.653725,54.653725,27.0225830078125,HEALTHY
FD002,FD002_15,164,54.832054,54.832054,9.50147533416748,HEALTHY
FD001,FD001_94,132,54.834995,81.245346,8.506011009216309,HEALTHY
FD002,FD002_183,150,55.12308,55.12308,8.54592227935791,HEALTHY
FD002,FD002_73,150,55.178585,66.38147,11.323823928833008,HEALTHY
FD002,FD002_163,144,55.58899,55.58899,16.02010154724121,HEALTHY
FD004,FD004_190,200,55.753563,55.753563,10.326156616210938,HEALTHY
FD002,FD002_195,262,55.880184,61.480442,11.955430030822754,HEALTHY
FD002,FD002_137,226,56.11428,80.818596,12.166519165039062,HEALTHY
FD004,FD004_143,326,56.33503,72.17097,9.111226081848145,HEALTHY
FD004,FD004_199,176,56.47043,56.47043,27.21171760559082,HEALTHY
FD002,FD002_181,198,56.58435,79.28737,17.527799606323242,HEALTHY
FD001,FD001_70,152,56.71832,62.223232,15.932372093200684,HEALTHY
FD004,FD004_124,230,57.132977,60.168636,10.89388370513916,HEALTHY
FD002,FD002_88,166,57.48073,78.87142,18.7950496673584,HEALTHY
FD003,FD003_8,192,57.490093,58.656864,11.148663520812988,HEALTHY
FD004,FD004_50,206,57.916584,57.916584,4.678429126739502,HEALTHY
FD004,FD004_222,178,58.461975,59.7671,13.96341609954834,HEALTHY
FD002,FD002_17,264,58.481327,64.873924,10.480314254760742,HEALTHY
FD002,FD002_114,152,58.725792,86.56965,15.086798667907715,HEALTHY
FD002,FD002_112,108,58.73815,58.73815,17.892370223999023,HEALTHY
FD002,FD002_139,116,58.806217,58.806217,13.182830810546875,HEALTHY
FD003,FD003_1,232,59.573193,67.9656,7.385299205780029,HEALTHY
FD001,FD001_80,132,59.967327,99.060196,12.997746467590332,HEALTHY
FD001,FD001_72,130,60.20579,65.422066,11.55998706817627,HEALTHY
FD004,FD004_149,320,60.51591,60.51591,7.189699649810791,HEALTHY
FD001,FD001_8,166,60.54504,110.18494,13.39063835144043,HEALTHY
FD003,FD003_2,124,60.711452,64.97812,11.898158073425293,HEALTHY
FD002,FD002_25,146,60.905262,60.905262,8.550239562988281,HEALTHY
FD002,FD002_3,164,61.16954,95.12757,14.90967845916748,HEALTHY
FD004,FD004_37,344,61.223457,76.08384,11.038155555725098,HEALTHY
FD001,FD001_60,146,61.30951,98.93312,15.126608848571777,HEALTHY
FD003,FD003_62,224,61.353745,61.353745,6.110818862915039,HEALTHY
FD001,FD001_51,144,61.437237,106.23379,13.067309379577637,HEALTHY
FD004,FD004_107,120,61.903587,61.903587,16.828357696533203,HEALTHY
FD004,FD004_223,304,62.266106,64.879944,7.700514793395996,HEALTHY
FD004,FD004_175,116,62.329052,86.24557,19.379554748535156,HEALTHY
FD002,FD002_21,128,63.317715,86.47923,15.124999046325684,HEALTHY
FD004,FD004_48,214,63.457565,68.69615,7.3226542472839355,HEALTHY
FD004,FD004_96,122,63.60569,79.277176,7.191709995269775,HEALTHY
FD001,FD001_43,172,63.867958,63.867958,12.397035598754883,HEALTHY
FD001,FD001_57,160,64.00109,85.56877,16.085847854614258,HEALTHY
FD004,FD004_152,194,64.05137,98.07652,5.262430667877197,HEALTHY
FD002,FD002_115,210,64.19022,68.04176,18.140790939331055,HEALTHY
FD003,FD003_67,186,64.59503,110.04345,7.7344512939453125,HEALTHY
FD004,FD004_90,118,64.78661,64.78661,10.933302879333496,HEALTHY
FD002,FD002_20,100,64.90595,64.90595,22.2648983001709,HEALTHY
FD001,FD001_27,140,64.92126,103.65226,6.919028282165527,HEALTHY
FD003,FD003_83,168,65.13953,107.64996,15.512346267700195,HEALTHY
FD001,FD001_45,152,66.21399,76.81868,18.273042678833008,HEALTHY
FD004,FD004_89,284,66.29681,96.59006,10.385343551635742,HEALTHY
FD002,FD002_207,140,66.30562,99.38002,17.197826385498047,HEALTHY
FD002,FD002_33,134,66.45574,66.45574,6.01078462600708,HEALTHY
FD002,FD002_129,218,66.63256,66.63256,6.859306812286377,HEALTHY
FD003,FD003_89,120,66.94615,66.94615,32.19273376464844,HEALTHY
FD003,FD003_57,158,67.00058,74.15206,11.965038299560547,HEALTHY
FD004,FD004_212,260,67.06985,78.943504,7.989339351654053,HEALTHY
FD004,FD004_18,246,67.24923,100.28073,10.797928810119629,HEALTHY
FD003,FD003_11,102,67.871185,76.486824,6.346789360046387,HEALTHY
FD003,FD003_33,180,67.994774,75.712364,9.52725601196289,HEALTHY
FD004,FD004_56,180,68.25654,68.25654,6.844114780426025,HEALTHY
FD004,FD004_105,350,68.45193,80.82587,12.54290771484375,HEALTHY
FD004,FD004_80,112,68.582054,79.50385,15.895679473876953,HEALTHY
FD002,FD002_213,158,68.66051,68.66051,17.82530403137207,HEALTHY
FD004,FD004_36,158,68.77836,79.06673,5.791525363922119,HEALTHY
FD002,FD002_151,140,68.87621,73.3345,16.281435012817383,HEALTHY
FD003,FD003_87,218,69.18426,69.18426,6.900581359863281,HEALTHY
FD003,FD003_32,120,69.95854,76.08443,9.52641773223877,HEALTHY
FD001,FD001_98,120,70.64888,70.64888,9.802504539489746,HEALTHY
FD001,FD001_29,170,71.23009,85.77575,9.971041679382324,HEALTHY
FD004,FD004_130,106,71.516365,97.37376,14.193207740783691,HEALTHY
FD003,FD003_56,162,71.55299,91.80015,12.13892650604248,HEALTHY
FD002,FD002_153,146,72.194855,92.182396,9.821659088134766,HEALTHY
FD003,FD003_96,358,72.29235,86.38459,11.139801979064941,HEALTHY
FD002,FD002_219,160,72.63665,104.80353,5.497519016265869,HEALTHY
FD004,FD004_131,192,72.69895,91.72319,14.776290893554688,HEALTHY
FD004,FD004_20,114,73.032036,73.032036,6.176159381866455,HEALTHY
FD004,FD004_171,354,73.13234,94.2239,10.452787399291992,HEALTHY
FD004,FD004_39,214,73.15059,73.15059,10.588471412658691,HEALTHY
FD004,FD004_200,114,73.19962,74.59686,13.044477462768555,HEALTHY
FD004,FD004_208,180,73.22834,81.9117,15.987314224243164,HEALTHY
FD004,FD004_30,228,73.35451,108.6234,8.58100414276123,HEALTHY
FD004,FD004_145,102,73.42945,77.783676,14.559638023376465,HEALTHY
FD004,FD004_21,202,73.48576,109.562355,7.139525890350342,HEALTHY
FD002,FD002_60,144,73.63623,84.09327,9.186914443969727,HEALTHY
FD004,FD004_119,228,73.93915,73.93915,10.746489524841309,HEALTHY
FD001,FD001_86,110,74.25697,117.27464,10.75596809387207,HEALTHY
FD001,FD001_4,106,74.504776,74.504776,4.912642478942871,HEALTHY
FD002,FD002_36,162,74.55266,99.2752,14.14599895477295,HEALTHY
FD002,FD002_119,202,75.03714,117.89616,10.236369132995605,HEALTHY
FD002,FD002_180,154,75.04008,83.996925,12.732389450073242,HEALTHY
FD001,FD001_12,216,75.1768,113.046165,10.201897621154785,HEALTHY
FD004,FD004_193,262,75.30208,75.30208,7.581415176391602,HEALTHY
FD002,FD002_104,140,75.46655,98.38125,16.544286727905273,HEALTHY
FD002,FD002_108,174,75.543465,99.58844,8.241065979003906,HEALTHY
FD001,FD001_79,100,75.621635,75.621635,15.91488265991211,HEALTHY
FD004,FD004_17,334,75.72704,77.11366,8.96940803527832,HEALTHY
FD003,FD003_10,130,76.002144,76.002144,10.30186939239502,HEALTHY
FD003,FD003_77,380,76.09619,76.09619,5.002072334289551,HEALTHY
FD004,FD004_138,238,76.19161,81.26864,7.368046283721924,HEALTHY
FD002,FD002_92,122,76.62192,83.87232,5.774515151977539,HEALTHY
FD004,FD004_132,114,76.87469,110.137764,14.816705703735352,HEALTHY
FD002,FD002_110,218,76.95712,97.65542,8.375770568847656,HEALTHY
FD004,FD004_137,290,77.01292,78.29455,9.255393028259277,HEALTHY
FD001,FD001_13,194,77.07367,94.81658,10.285001754760742,HEALTHY
FD004,FD004_14,102,77.35719,95.23014,10.202739715576172,HEALTHY
FD003,FD003_34,104,78.047,95.09638,9.62785530090332,HEALTHY
FD002,FD002_152,90,78.307526,81.12197,23.932239532470703,HEALTHY
FD004,FD004_79,184,78.5263,85.669426,5.621488571166992,HEALTHY
FD002,FD002_172,128,78.62828,87.291954,14.796180725097656,HEALTHY
FD002,FD002_216,100,79.09748,79.09748,7.198311805725098,HEALTHY
FD002,FD002_67,146,79.40648,80.963196,5.92241907119751,HEALTHY
FD001,FD001_10,192,79.784615,103.626656,8.839101791381836,HEALTHY
FD002,FD002_168,106,79.85307,95.7462,5.191208839416504,HEALTHY
FD004,FD004_29,216,80.25507,80.25507,8.426429748535156,HEALTHY
FD004,FD004_13,226,80.48632,81.94778,7.401966571807861,HEALTHY
FD004,FD004_78,106,81.00496,81.00496,6.884831428527832,HEALTHY
FD004,FD004_192,202,81.14704,81.14704,7.744822025299072,HEALTHY
FD004,FD004_236,176,81.7068,110.33224,4.100807189941406,HEALTHY
FD004,FD004_214,102,81.73062,94.600876,7.26788330078125,HEALTHY
FD002,FD002_72,142,81.83207,93.40924,17.416839599609375,HEALTHY
FD003,FD003_51,118,81.920334,85.02743,5.764498710632324,HEALTHY
FD004,FD004_92,116,82.06132,82.50694,8.446976661682129,HEALTHY
FD002,FD002_75,192,82.77146,88.84001,9.050529479980469,HEALTHY
FD001,FD001_28,158,83.02298,96.968925,10.994783401489258,HEALTHY
FD004,FD004_4,208,83.90534,91.46209,5.327345848083496,HEALTHY
FD001,FD001_89,176,84.19123,116.19099,13.913036346435547,HEALTHY
FD002,FD002_94,116,84.20564,84.20564,9.130890846252441,HEALTHY
FD003,FD003_23,404,84.21793,85.73198,4.227170944213867,HEALTHY
FD004,FD004_243,198,84.45743,84.45743,5.815503120422363,HEALTHY
FD003,FD003_66,122,84.53972,88.48819,7.275487422943115,HEALTHY
FD004,FD004_120,170,84.6079,84.6079,10.921123504638672,HEALTHY
FD002,FD002_143,226,85.026596,94.56496,9.009377479553223,HEALTHY
FD004,FD004_161,256,85.29073,108.55011,4.283058166503906,HEALTHY
FD001,FD001_7,160,85.92017,96.935585,5.698598861694336,HEALTHY
FD002,FD002_46,132,85.92569,119.56744,7.308971881866455,HEALTHY
FD001,FD001_5,98,86.04106,109.895805,5.504284858703613,HEALTHY
FD001,FD001_54,120,86.06831,98.11988,3.548797607421875,HEALTHY
FD002,FD002_229,108,86.19267,94.01357,9.886293411254883,HEALTHY
FD004,FD004_63,158,86.64419,117.92421,7.547205448150635,HEALTHY
FD003,FD003_12,146,87.02236,105.35892,13.25072193145752,HEALTHY
FD004,FD004_9,284,87.05424,110.269485,8.188437461853027,HEALTHY
FD003,FD003_30,332,87.102455,87.102455,3.189929485321045,HEALTHY
FD003,FD003_31,152,88.23498,94.3646,6.58057975769043,HEALTHY
FD004,FD004_210,134,88.77589,95.817154,6.699172496795654,HEALTHY
FD002,FD002_128,110,88.776764,104.63965,11.855718612670898,HEALTHY
FD001,FD001_19,134,88.890076,88.890076,5.009848594665527,HEALTHY
FD002,FD002_234,146,89.293236,114.40402,9.931313514709473,HEALTHY
FD004,FD004_176,184,89.40169,106.552246,12.094442367553711,HEALTHY
FD004,FD004_221,176,89.55926,92.43895,6.851940155029297,HEALTHY
FD002,FD002_82,96,89.5651,89.5651,12.562283515930176,HEALTHY
FD004,FD004_16,240,90.0801,115.81457,7.365974426269531,HEALTHY
FD004,FD004_162,98,91.23618,103.3119,5.421473026275635,HEALTHY
FD003,FD003_53,108,91.346275,104.72102,6.940218448638916,HEALTHY
FD004,FD004_163,122,91.57895,105.037766,8.520181655883789,HEALTHY
FD004,FD004_41,414,91.739716,91.739716,3.043395757675171,HEALTHY
FD002,FD002_130,140,91.74253,101.267914,14.348569869995117,HEALTHY
FD003,FD003_95,212,92.15434,102.10683,6.140103340148926,HEALTHY
FD004,FD004_247,94,92.3325,101.15828,9.87593936920166,HEALTHY
FD004,FD004_165,178,92.82465,92.82465,4.463474273681641,HEALTHY
FD002,FD002_31,122,92.90775,104.718346,6.867164611816406,HEALTHY
FD004,FD004_117,96,93.25026,97.49513,10.68643569946289,HEALTHY
FD004,FD004_85,174,93.41945,110.85307,5.29319429397583,HEALTHY
FD003,FD003_70,84,93.4346,93.4346,27.751264572143555,HEALTHY
FD002,FD002_55,122,93.50239,106.454254,10.00117301940918,HEALTHY
FD002,FD002_4,86,93.72666,93.72666,5.943768501281738,HEALTHY
FD004,FD004_24,174,94.270706,98.92364,8.542863845825195,HEALTHY
FD004,FD004_60,134,94.41335,98.11548,9.105486869812012,HEALTHY
FD004,FD004_178,278,94.47049,114.07341,6.490894317626953,HEALTHY
FD004,FD004_242,112,94.48223,110.461914,10.286867141723633,HEALTHY
FD003,FD003_60,112,94.51891,98.31574,10.54736328125,HEALTHY
FD002,FD002_16,88,94.55915,94.9554,19.4805965423584,HEALTHY
FD004,FD004_233,110,94.86025,108.93345,10.926727294921875,HEALTHY
FD002,FD002_98,112,94.926956,94.926956,7.415627479553223,HEALTHY
FD004,FD004_26,90,95.22776,95.22776,4.220575332641602,HEALTHY
FD004,FD004_95,110,95.35153,113.7278,10.135001182556152,HEALTHY
FD001,FD001_74,136,95.35192,109.52756,12.84494400024414,HEALTHY
FD004,FD004_147,116,95.38127,95.891136,18.53207778930664,HEALTHY
FD003,FD003_93,158,95.49715,95.49715,9.822077751159668,HEALTHY
FD002,FD002_29,100,95.582664,95.582664,8.30842113494873,HEALTHY
FD002,FD002_79,112,96.10054,107.42114,6.403273105621338,HEALTHY
FD001,FD001_73,112,96.10732,107.86854,6.9383368492126465,HEALTHY
FD004,FD004_83,274,96.17259,114.618065,7.1944661140441895,HEALTHY
FD002,FD002_226,164,96.82871,104.05925,9.337029457092285,HEALTHY
FD004,FD004_75,202,97.17646,112.56771,7.033167362213135,HEALTHY
FD001,FD001_55,112,97.97156,118.09705,8.878276824951172,HEALTHY
FD002,FD002_202,124,97.97925,102.57304,10.606097221374512,HEALTHY
FD004,FD004_66,96,98.35188,98.35188,6.922499179840088,HEALTHY
FD002,FD002_239,106,98.493515,100.92017,7.996553897857666,HEALTHY
FD001,FD001_75,88,99.07582,99.07582,5.866346836090088,HEALTHY
FD002,FD002_145,142,99.58392,107.51382,7.022797107696533,HEALTHY
FD004,FD004_140,160,99.87115,99.87115,8.435248374938965,HEALTHY
FD002,FD002_191,94,99.97946,99.97946,9.954188346862793,HEALTHY
FD002,FD002_35,76,100.03351,100.03351,32.163761138916016,HEALTHY
FD003,FD003_84,76,100.098404,100.098404,1.6363176107406616,HEALTHY
FD004,FD004_205,94,100.10894,110.77811,10.095274925231934,HEALTHY
FD001,FD001_6,104,100.62449,105.81282,5.264247894287109,HEALTHY
FD002,FD002_170,84,100.857895,100.857895,6.321978569030762,HEALTHY
FD004,FD004_129,314,100.978745,107.92004,5.99021053314209,HEALTHY
FD004,FD004_189,106,101.212845,107.55289,22.933862686157227,HEALTHY
FD004,FD004_74,222,101.51449,104.80341,4.9263482093811035,HEALTHY
FD004,FD004_112,88,101.63018,106.46102,21.332429885864258,HEALTHY
FD002,FD002_258,98,101.70191,115.80055,7.486241817474365,HEALTHY
FD004,FD004_54,80,101.75541,101.75541,6.0182061195373535,HEALTHY
FD002,FD002_61,70,102.0516,110.47852,6.272280693054199,HEALTHY
FD002,FD002_69,158,102.54571,104.15983,8.677156448364258,HEALTHY
FD004,FD004_211,206,102.57164,124.10053,4.10268497467041,HEALTHY
FD001,FD001_95,88,102.62059,102.62059,6.223726749420166,HEALTHY
FD004,FD004_168,74,103.057014,106.80097,9.665608406066895,HEALTHY
FD004,FD004_87,166,103.224335,117.41245,4.413541793823242,HEALTHY
FD002,FD002_259,122,103.3624,103.3624,22.733980178833008,HEALTHY
FD004,FD004_207,178,103.37067,121.69499,5.922494411468506,HEALTHY
FD001,FD001_97,134,103.75826,106.301414,7.332732200622559,HEALTHY
FD002,FD002_235,102,103.7927,104.96269,10.430784225463867,HEALTHY
FD002,FD002_246,80,103.97542,116.6482,8.98974609375,HEALTHY
FD002,FD002_256,58,104.376144,104.376144,5.737795352935791,HEALTHY
FD003,FD003_19,114,104.917496,119.35891,5.220566272735596,HEALTHY
FD002,FD002_166,96,105.060356,114.18638,6.520165920257568,HEALTHY
FD002,FD002_74,102,105.28749,118.41205,6.1229166984558105,HEALTHY
FD002,FD002_95,78,105.321625,105.321625,22.287338256835938,HEALTHY
FD002,FD002_157,160,105.43648,121.81026,5.083178997039795,HEALTHY
FD002,FD002_10,84,105.61954,113.425865,12.081473350524902,HEALTHY
FD004,FD004_153,130,106.05987,106.05987,8.707706451416016,HEALTHY
FD003,FD003_29,88,106.35957,106.496124,5.629866123199463,HEALTHY
FD001,FD001_15,76,106.39864,106.39864,14.657020568847656,HEALTHY
FD002,FD002_155,72,106.424995,106.424995,2.231274366378784,HEALTHY
FD002,FD002_203,114,106.59587,111.61749,6.966376781463623,HEALTHY
FD002,FD002_188,86,106.611725,109.59372,8.431306838989258,HEALTHY
FD002,FD002_86,82,106.70188,107.77171,5.978342056274414,HEALTHY
FD002,FD002_54,74,106.780426,106.780426,2.5665571689605713,HEALTHY
FD003,FD003_35,144,106.93857,114.874886,5.383564472198486,HEALTHY
FD004,FD004_230,156,106.99816,110.05366,5.11939811706543,HEALTHY
FD002,FD002_167,78,107.23908,110.194115,3.613152265548706,HEALTHY
FD002,FD002_118,96,107.2691,107.74872,8.229561805725098,HEALTHY
FD002,FD002_221,54,107.357414,107.357414,4.8441162109375,HEALTHY
FD002,FD002_136,76,107.496025,107.496025,9.309769630432129,HEALTHY
FD004,FD004_45,78,107.4999,107.4999,12.535815238952637,HEALTHY
FD002,FD002_126,98,107.78936,107.82398,6.643985271453857,HEALTHY
FD001,FD001_48,78,107.99125,107.99125,7.58250617980957,HEALTHY
FD002,FD002_106,72,108.03913,111.166664,6.375116348266602,HEALTHY
FD001,FD001_47,72,108.226776,108.226776,4.027299880981445,HEALTHY
FD001,FD001_96,96,108.31109,112.08047,4.572839260101318,HEALTHY
FD003,FD003_63,136,108.38497,111.22511,5.030473709106445,HEALTHY
FD002,FD002_141,68,108.712036,110.61018,5.448001861572266,HEALTHY
FD002,FD002_230,124,108.73334,114.91377,9.917248725891113,HEALTHY
FD002,FD002_187,84,108.74101,108.74101,6.596088409423828,HEALTHY
FD003,FD003_42,86,108.81868,108.81868,6.64438533782959,HEALTHY
FD004,FD004_182,98,109.01159,116.31769,7.112516403198242,HEALTHY
FD004,FD004_148,126,109.295876,111.36174,5.879480361938477,HEALTHY
FD001,FD001_16,112,109.32225,110.86644,6.865549564361572,HEALTHY
FD003,FD003_15,112,109.34003,109.34003,1.7915995121002197,HEALTHY
FD004,FD004_127,98,109.36884,109.36884,3.5359201431274414,HEALTHY
FD004,FD004_3,140,109.58192,116.02291,3.0331530570983887,HEALTHY
FD003,FD003_85,118,109.623924,109.623924,21.78120994567871,HEALTHY
FD002,FD002_169,80,109.66362,109.66362,6.351035118103027,HEALTHY
FD004,FD004_108,144,109.704735,110.047585,4.7606892585754395,HEALTHY
FD004,FD004_93,200,109.964966,118.55988,4.203727722167969,HEALTHY
FD001,FD001_11,82,110.04931,110.04931,3.96750545501709,HEALTHY
FD004,FD004_98,82,110.22538,115.27898,4.75722599029541,HEALTHY
FD002,FD002_131,72,110.30653,110.30653,4.386079788208008,HEALTHY
FD004,FD004_94,104,110.318,110.9359,5.6174635887146,HEALTHY
FD003,FD003_73,108,110.43961,117.19293,5.1959638595581055,HEALTHY
FD001,FD001_50,74,110.4863,110.4863,19.579145431518555,HEALTHY
FD002,FD002_26,76,110.63571,110.63571,4.82498025894165,HEALTHY
FD003,FD003_17,230,110.6714,110.6714,5.127362251281738,HEALTHY
FD004,FD004_115,82,110.72944,110.8953,6.681192874908447,HEALTHY
FD004,FD004_201,138,110.75123,110.75123,15.964963912963867,HEALTHY
FD002,FD002_121,58,111.31652,111.71471,37.226627349853516,HEALTHY
FD002,FD002_255,150,111.445305,116.09204,5.056087970733643,HEALTHY
FD004,FD004_6,146,111.52072,111.52072,8.052948951721191,HEALTHY
FD004,FD004_51,136,111.53434,115.70807,3.766199827194214,HEALTHY
FD004,FD004_34,360,111.56612,111.56612,3.008361339569092,HEALTHY
FD002,FD002_196,108,111.61071,116.56109,6.6069536209106445,HEALTHY
FD004,FD004_128,138,111.71493,122.4179,5.005096912384033,HEALTHY
FD004,FD004_226,58,111.72916,116.50589,16.88262367248535,HEALTHY
FD002,FD002_77,66,111.74234,113.30448,7.106866359710693,HEALTHY
FD004,FD004_232,370,111.79463,124.36904,3.1986989974975586,HEALTHY
FD004,FD004_195,186,111.93586,111.93586,3.9998462200164795,HEALTHY
FD003,FD003_27,104,111.99956,112.46172,6.469171524047852,HEALTHY
FD002,FD002_57,76,112.098206,112.098206,3.823347806930542,HEALTHY
FD002,FD002_215,70,112.24212,112.24212,4.281859397888184,HEALTHY
FD002,FD002_49,64,112.35789,117.2818,5.956123352050781,HEALTHY
FD001,FD001_59,94,112.43129,115.17117,3.4500584602355957,HEALTHY
FD001,FD001_23,130,112.576935,121.74362,4.128863334655762,HEALTHY
FD004,FD004_72,118,112.61354,121.216385,2.803659200668335,HEALTHY
FD002,FD002_149,70,113.01482,114.535255,5.680497646331787,HEALTHY
FD002,FD002_125,78,113.02169,113.02169,5.405485153198242,HEALTHY
FD003,FD003_69,104,113.046616,115.04766,4.0425496101379395,HEALTHY
FD002,FD002_214,74,113.21674,113.21674,4.446423530578613,HEALTHY
FD002,FD002_81,76,113.29252,115.69485,5.278198719024658,HEALTHY
FD002,FD002_135,120,113.322655,118.19923,4.491770267486572,HEALTHY
FD002,FD002_197,58,113.436356,113.436356,2.4377737045288086,HEALTHY
FD004,FD004_55,102,113.47613,119.18069,4.620400905609131,HEALTHY
FD002,FD002_47,80,113.60709,117.2345,5.538386344909668,HEALTHY
FD004,FD004_215,72,113.63648,117.51702,5.378010272979736,HEALTHY
FD002,FD002_147,78,113.75772,113.75772,8.658097267150879,HEALTHY
FD004,FD004_203,86,113.83271,120.77321,2.3185441493988037,HEALTHY
FD002,FD002_105,60,113.85067,113.85067,3.213603973388672,HEALTHY
FD002,FD002_6,62,114.1531,116.66867,4.161213397979736,HEALTHY
FD004,FD004_166,62,114.26404,114.26404,29.64167022705078,HEALTHY
FD002,FD002_27,68,114.39392,114.39392,2.804047107696533,HEALTHY
FD002,FD002_251,64,114.49687,117.46511,17.72730255126953,HEALTHY
FD001,FD001_99,96,114.50716,116.521164,2.729966878890991,HEALTHY
FD001,FD001_88,68,114.51161,114.51161,3.5426971912384033,HEALTHY
FD002,FD002_200,60,114.51885,114.51885,4.687353610992432,HEALTHY
FD003,FD003_91,56,114.52711,114.52711,26.89236831665039,HEALTHY
FD001,FD001_26,76,114.530235,114.530235,2.9738094806671143,HEALTHY
FD004,FD004_160,122,114.53054,114.53054,8.089159965515137,HEALTHY
FD003,FD003_18,244,114.58528,118.56869,2.9044859409332275,HEALTHY
FD004,FD004_157,138,114.92574,118.28609,3.1111230850219727,HEALTHY
FD002,FD002_93,76,115.09278,116.58956,5.06817102432251,HEALTHY
FD003,FD003_22,118,115.550964,118.62711,2.934459686279297,HEALTHY
FD002,FD002_244,48,115.590126,121.80467,5.781749725341797,HEALTHY
FD004,FD004_146,84,115.78369,122.92936,6.697993755340576,HEALTHY
FD004,FD004_167,98,115.840935,116.122345,3.30951189994812,HEALTHY
FD003,FD003_5,138,115.87998,115.87998,3.0740151405334473,HEALTHY
FD003,FD003_16,126,115.920975,115.920975,23.176725387573242,HEALTHY
FD002,FD002_175,82,115.93644,117.75711,4.188732624053955,HEALTHY
FD004,FD004_196,70,116.06041,118.3488,12.746506690979004,HEALTHY
FD004,FD004_241,42,116.17601,116.17601,6.25327205657959,HEALTHY
FD004,FD004_11,82,116.22107,120.10294,2.998741388320923,HEALTHY
FD002,FD002_123,60,116.22695,116.22695,3.2328872680664062,HEALTHY
FD002,FD002_174,50,116.28059,116.28059,14.432506561279297,HEALTHY
FD002,FD002_199,116,116.474625,118.734146,2.828495979309082,HEALTHY
FD002,FD002_66,62,116.54799,118.18506,4.202201843261719,HEALTHY
FD001,FD001_83,72,116.63734,118.36322,3.7052459716796875,HEALTHY
FD003,FD003_68,188,116.81616,121.83143,3.0058767795562744,HEALTHY
FD004,FD004_139,88,116.95126,120.33913,3.4417238235473633,HEALTHY
FD002,FD002_156,74,117.122826,117.122826,15.964202880859375,HEALTHY
FD003,FD003_43,132,117.16832,120.453415,2.6342201232910156,HEALTHY
FD004,FD004_81,60,117.27651,122.4682,10.259176254272461,HEALTHY
FD002,FD002_12,74,117.31217,119.70953,24.481420516967773,HEALTHY
FD003,FD003_45,88,117.42978,122.082634,3.461369037628174,HEALTHY
FD004,FD004_228,126,117.450096,119.029816,2.85518217086792,HEALTHY
FD004,FD004_53,66,117.55916,119.640945,3.7076051235198975,HEALTHY
FD002,FD002_194,50,117.58688,120.447624,2.5250396728515625,HEALTHY
FD004,FD004_218,62,117.67828,118.33468,4.266163349151611,HEALTHY
FD002,FD002_71,64,117.71746,119.11625,3.84332537651062,HEALTHY
FD002,FD002_238,94,117.7308,123.53713,2.5889525413513184,HEALTHY
FD003,FD003_13,64,117.7351,119.44877,2.8144350051879883,HEALTHY
FD002,FD002_89,58,117.799416,119.23357,9.66579818725586,HEALTHY
FD001,FD001_71,68,117.83312,118.57532,2.162426471710205,HEALTHY
FD003,FD003_49,210,117.94161,122.574585,2.145246982574463,HEALTHY
FD002,FD002_228,44,118.04867,118.04867,4.02824592590332,HEALTHY
FD001,FD001_67,70,118.279945,122.31,23.795955657958984,HEALTHY
FD003,FD003_6,64,118.3219,118.3219,8.257987022399902,HEALTHY
FD004,FD004_122,116,118.55424,118.55424,2.0825414657592773,HEALTHY
FD003,FD003_65,78,118.555855,122.33998,2.7289867401123047,HEALTHY
FD002,FD002_217,48,118.60336,118.60336,25.86250877380371,HEALTHY
FD004,FD004_57,120,118.64936,122.22167,4.426959037780762,HEALTHY
FD002,FD002_240,50,118.75953,118.75953,4.204123020172119,HEALTHY
FD004,FD004_186,46,118.8693,118.8693,2.478933572769165,HEALTHY
FD002,FD002_154,58,118.89282,118.89282,6.067115783691406,HEALTHY
FD004,FD004_142,68,118.95955,118.95955,3.024531841278076,HEALTHY
FD004,FD004_7,54,119.011116,119.63977,16.235210418701172,HEALTHY
FD001,FD001_44,54,119.130615,119.53728,3.22513747215271,HEALTHY
FD002,FD002_220,54,119.14298,120.89382,3.650346517562866,HEALTHY
FD003,FD003_41,100,119.15508,119.769485,2.426090955734253,HEALTHY
FD002,FD002_117,54,119.2559,121.69538,3.713221549987793,HEALTHY
FD003,FD003_36,90,119.26426,123.517426,1.4026609659194946,HEALTHY
FD002,FD002_243,40,119.31909,120.27174,3.7881927490234375,HEALTHY
FD003,FD003_4,68,119.33247,120.55752,2.49711275100708,HEALTHY
FD002,FD002_56,72,119.51195,119.51195,1.9496935606002808,HEALTHY
FD004,FD004_245,62,119.59675,121.893974,2.3215277194976807,HEALTHY
FD003,FD003_54,50,119.72138,124.12243,25.555906295776367,HEALTHY
FD002,FD002_37,48,119.72801,119.72801,1.7306915521621704,HEALTHY
FD003,FD003_97,94,119.84225,120.1051,2.668041467666626,HEALTHY
FD002,FD002_178,54,119.90147,119.90147,3.9474916458129883,HEALTHY
FD004,FD004_33,106,119.93295,120.91373,1.8328980207443237,HEALTHY
FD002,FD002_247,86,120.09667,121.856125,2.869442939758301,HEALTHY
FD001,FD001_33,50,120.23274,120.649025,6.145394802093506,HEALTHY
FD004,FD004_136,56,120.35297,120.35297,2.5870556831359863,HEALTHY
FD004,FD004_133,74,120.53107,120.53107,1.6551967859268188,HEALTHY
FD004,FD004_5,50,120.58444,120.58444,2.742307424545288,HEALTHY
FD003,FD003_47,56,120.597046,121.29207,2.7282774448394775,HEALTHY
FD001,FD001_14,46,120.6034,120.6034,7.682037353515625,HEALTHY
FD002,FD002_23,48,120.64612,120.64612,2.3227591514587402,HEALTHY
FD004,FD004_104,64,120.69039,122.92305,0.9869850873947144,HEALTHY
FD002,FD002_233,40,120.78613,123.03062,2.6155014038085938,HEALTHY
FD004,FD004_170,48,120.7933,121.85845,1.6045669317245483,HEALTHY
FD004,FD004_97,50,120.840866,120.840866,7.352874279022217,HEALTHY
FD001,FD001_65,70,120.92069,120.92069,2.0525431632995605,HEALTHY
FD002,FD002_101,38,121.3678,121.3678,11.684957504272461,HEALTHY
FD002,FD002_224,42,121.478065,122.79656,2.746555805206299,HEALTHY
FD003,FD003_37,46,121.51016,121.51016,1.5119942426681519,HEALTHY
FD004,FD004_191,70,121.526924,121.526924,1.3541845083236694,HEALTHY
FD004,FD004_220,64,121.52894,121.52894,1.9132143259048462,HEALTHY
FD002,FD002_2,54,121.54595,121.54595,31.035810470581055,HEALTHY
FD002,FD002_205,30,121.697975,121.697975,3.3020248413085938,HEALTHY
FD003,FD003_28,70,121.73432,121.73432,1.5005652904510498,HEALTHY
FD003,FD003_80,84,121.749176,123.85675,1.2838300466537476,HEALTHY
FD004,FD004_227,62,121.75258,125.176506,1.1566472053527832,HEALTHY
FD001,FD001_78,72,121.83507,123.52697,4.402496814727783,HEALTHY
FD002,FD002_184,64,121.87091,122.50134,1.2993316650390625,HEALTHY
FD001,FD001_9,54,121.87095,122.40967,2.8412816524505615,HEALTHY
FD001,FD001_25,48,121.92111,121.92111,1.5091842412948608,HEALTHY
FD001,FD001_87,56,122.161766,122.161766,1.6111880540847778,HEALTHY
FD002,FD002_204,40,122.21683,122.21683,0.5669543147087097,HEALTHY
FD003,FD003_74,68,122.259735,123.20314,1.011050820350647,HEALTHY
FD003,FD003_61,78,122.318375,122.58372,1.1644070148468018,HEALTHY
FD004,FD004_76,48,122.38797,122.7487,1.5206191539764404,HEALTHY
FD004,FD004_84,88,122.40969,123.43409,1.3749847412109375,HEALTHY
FD004,FD004_46,36,122.41881,122.41881,1.9458236694335938,HEALTHY
FD004,FD004_109,66,122.540215,123.222336,1.2178493738174438,HEALTHY
FD001,FD001_69,54,122.62806,122.62806,1.025738000869751,HEALTHY
FD002,FD002_34,52,122.632904,123.149254,0.9793007969856262,HEALTHY
FD003,FD003_52,38,122.79906,122.79906,1.0694611072540283,HEALTHY
FD001,FD001_2,48,122.86876,123.52928,15.89637279510498,HEALTHY
FD002,FD002_18,40,122.99177,122.99177,20.203222274780273,HEALTHY
FD002,FD002_165,34,123.117134,123.26148,1.548693299293518,HEALTHY
FD004,FD004_144,34,123.19379,123.19379,1.4067178964614868,HEALTHY
FD004,FD004_225,38,123.27843,123.27843,1.2860519886016846,HEALTHY
FD002,FD002_113,44,123.29982,124.15778,1.130183219909668,HEALTHY
FD004,FD004_52,58,123.740974,123.740974,0.8338485956192017,HEALTHY
FD004,FD004_169,34,123.75307,123.75307,1.0674463510513306,HEALTHY
FD003,FD003_88,40,123.8052,124.31754,0.6762440800666809,HEALTHY
FD002,FD002_51,36,123.86491,124.48083,22.624103546142578,HEALTHY
FD002,FD002_249,36,123.880745,123.880745,10.462779998779297,HEALTHY
FD001,FD001_22,38,123.88337,123.88337,8.91418170928955,HEALTHY
FD001,FD001_85,34,124.02706,124.59272,4.4086480140686035,HEALTHY
FD004,FD004_59,36,124.33182,124.47739,0.6090793609619141,HEALTHY
FD002,FD002_241,44,124.40042,124.82126,0.5980510711669922,HEALTHY
FD001,FD001_1,30,124.82767,124.82767,11.827667236328125,HEALTHY
FD002,FD002_218,32,125.32373,125.40817,0.3659515380859375,HEALTHY
FD001,FD001_39,36,125.52607,125.52607,0.8308868408203125,HEALTHY
